SEASON_ID,Player_ID,Game_ID,GAME_DATE,MATCHUP,WL,MIN,FGM,FGA,FG_PCT,FG3M,FG3A,FG3_PCT,FTM,FTA,FT_PCT,OREB,DREB,REB,AST,STL,BLK,TOV,PF,PTS,PLUS_MINUS,VIDEO_AVAILABLE
22019,2544,0021901310,"AUG 13, 2020",LAL vs. SAC,L,15,6,13,0.462,2,5,0.4,3,3,1.0,1,2,3,4,0,0,3,0,17,-13,1
22019,2544,0021901296,"AUG 10, 2020",LAL vs. DEN,W,38,9,21,0.429,5,11,0.455,6,10,0.6,0,1,1,12,0,2,5,0,29,-10,1
22019,2544,0021901282,"AUG 08, 2020",LAL @ IND,L,35,13,24,0.542,2,6,0.333,3,6,0.5,1,7,8,7,0,1,1,4,31,14,1
22019,2544,0021901265,"AUG 05, 2020",LAL vs. OKC,L,30,7,19,0.368,0,5,0.0,5,8,0.625,1,10,11,4,1,0,0,1,19,-8,1
22019,2544,0021901255,"AUG 03, 2020",LAL @ UTA,W,35,9,16,0.563,2,5,0.4,2,2,1.0,1,7,8,9,2,1,4,3,22,0,1
22019,2544,0021901243,"AUG 01, 2020",LAL @ TOR,L,35,7,15,0.467,2,5,0.4,4,7,0.571,1,9,10,5,0,1,4,1,20,-20,1
22019,2544,0021901232,"JUL 30, 2020",LAL vs. LAC,W,34,6,19,0.316,2,7,0.286,2,2,1.0,2,9,11,7,1,1,5,3,16,-4,1
22019,2544,0021900968,"MAR 10, 2020",LAL vs. BKN,L,35,12,22,0.545,4,9,0.444,1,5,0.2,1,11,12,9,1,0,3,1,29,8,1
22019,2544,0021900948,"MAR 08, 2020",LAL @ LAC,W,35,7,17,0.412,2,6,0.333,12,14,0.857,2,6,8,9,0,2,2,3,28,7,1
22019,2544,0021900939,"MAR 06, 2020",LAL vs. MIL,W,37,12,21,0.571,1,7,0.143,12,15,0.8,0,8,8,8,3,0,4,4,37,8,1
22019,2544,0021900915,"MAR 03, 2020",LAL vs. PHI,W,34,9,16,0.563,2,5,0.4,2,3,0.667,1,6,7,14,1,2,3,1,22,-2,1
22019,2544,0021900900,"MAR 01, 2020",LAL @ NOP,W,36,14,21,0.667,3,5,0.6,3,3,1.0,0,12,12,13,2,0,6,2,34,22,1
22019,2544,0021900891,"FEB 29, 2020",LAL @ MEM,L,34,8,18,0.444,2,8,0.25,1,2,0.5,2,6,8,10,1,1,5,1,19,-12,1
22019,2544,0021900861,"FEB 25, 2020",LAL vs. NOP,W,34,17,27,0.63,5,11,0.455,1,2,0.5,2,6,8,6,0,1,7,1,40,12,1
22019,2544,0021900842,"FEB 23, 2020",LAL vs. BOS,W,35,9,19,0.474,4,10,0.4,7,12,0.583,0,8,8,9,0,0,2,4,29,-1,1
22019,2544,0021900833,"FEB 21, 2020",LAL vs. MEM,W,36,10,17,0.588,1,4,0.25,11,12,0.917,0,3,3,7,0,2,1,0,32,6,1
22019,2544,0021900817,"FEB 12, 2020",LAL @ DEN,W,42,15,29,0.517,1,7,0.143,1,4,0.25,1,11,12,14,0,0,3,3,32,4,1
22019,2544,0021900801,"FEB 10, 2020",LAL vs. PHX,W,30,6,16,0.375,3,6,0.5,2,4,0.5,0,8,8,9,1,0,8,2,17,16,1
22019,2544,0021900783,"FEB 08, 2020",LAL @ GSW,W,34,7,17,0.412,3,8,0.375,5,6,0.833,0,8,8,11,1,0,7,2,22,6,1
22019,2544,0021900768,"FEB 06, 2020",LAL vs. HOU,L,37,8,19,0.421,1,8,0.125,1,1,1.0,2,7,9,15,2,0,6,0,18,-4,1
22019,2544,0021900754,"FEB 04, 2020",LAL vs. SAS,W,34,12,20,0.6,6,9,0.667,6,9,0.667,1,6,7,9,1,0,2,1,36,20,1
22019,2544,0021900736,"FEB 01, 2020",LAL @ SAC,W,34,6,15,0.4,1,4,0.25,2,3,0.667,0,10,10,11,2,0,2,3,15,33,1
22019,2544,0021900726,"JAN 31, 2020",LAL vs. POR,L,38,9,22,0.409,3,8,0.375,1,4,0.25,2,6,8,10,0,1,5,2,22,7,1
22019,2544,0021900684,"JAN 25, 2020",LAL @ PHI,L,35,9,18,0.5,1,6,0.167,10,13,0.769,0,7,7,8,1,0,8,3,29,-22,1
22019,2544,0021900667,"JAN 23, 2020",LAL @ BKN,W,34,11,19,0.579,3,6,0.5,2,2,1.0,2,9,11,10,1,1,5,0,27,26,1
22019,2544,0021900659,"JAN 22, 2020",LAL @ NYK,W,36,9,16,0.563,2,5,0.4,1,3,0.333,0,6,6,5,5,0,4,0,21,13,1
22019,2544,0021900648,"JAN 20, 2020",LAL @ BOS,L,29,5,12,0.417,0,2,0.0,5,5,1.0,3,4,7,13,0,0,4,1,15,-21,1
22019,2544,0021900633,"JAN 18, 2020",LAL @ HOU,W,35,13,25,0.52,2,7,0.286,3,5,0.6,0,5,5,12,2,0,6,3,31,2,1
22019,2544,0021900613,"JAN 15, 2020",LAL vs. ORL,L,36,7,19,0.368,2,9,0.222,3,5,0.6,0,3,3,19,1,0,5,1,19,-9,1
22019,2544,0021900597,"JAN 13, 2020",LAL vs. CLE,W,33,12,16,0.75,1,3,0.333,6,7,0.857,0,2,2,8,1,0,3,2,31,19,1
22019,2544,0021900572,"JAN 10, 2020",LAL @ DAL,W,32,14,25,0.56,3,6,0.5,4,5,0.8,2,14,16,7,1,0,3,0,35,13,1
22019,2544,0021900553,"JAN 07, 2020",LAL vs. NYK,W,31,9,19,0.474,6,12,0.5,7,7,1.0,0,5,5,5,2,1,4,2,31,26,1
22019,2544,0021900538,"JAN 05, 2020",LAL vs. DET,W,35,10,21,0.476,0,3,0.0,1,2,0.5,3,11,14,11,0,0,3,2,21,23,1
22019,2544,0021900522,"JAN 03, 2020",LAL vs. NOP,W,37,7,17,0.412,1,3,0.333,2,5,0.4,0,8,8,15,2,0,2,1,17,17,1
22019,2544,0021900507,"JAN 01, 2020",LAL vs. PHX,W,38,11,21,0.524,1,4,0.25,8,12,0.667,2,11,13,12,2,1,5,0,31,18,1
22019,2544,0021900490,"DEC 29, 2019",LAL vs. DAL,W,34,3,10,0.3,2,4,0.5,5,6,0.833,0,6,6,13,2,0,2,2,13,5,1
22019,2544,0021900484,"DEC 28, 2019",LAL @ POR,W,37,7,15,0.467,1,4,0.25,6,8,0.75,1,6,7,16,2,1,1,2,21,5,1
22019,2544,0021900458,"DEC 25, 2019",LAL vs. LAC,L,39,9,24,0.375,2,12,0.167,3,4,0.75,3,6,9,10,2,1,2,3,23,3,1
22019,2544,0021900417,"DEC 19, 2019",LAL @ MIL,L,37,8,19,0.421,3,7,0.429,2,2,1.0,0,12,12,11,0,0,4,5,21,-14,1
22019,2544,0021900402,"DEC 17, 2019",LAL @ IND,L,35,8,20,0.4,0,6,0.0,4,8,0.5,1,8,9,9,0,0,5,2,20,-9,1
22019,2544,0021900390,"DEC 15, 2019",LAL @ ATL,W,37,12,21,0.571,4,10,0.4,4,7,0.571,1,12,13,7,1,3,4,1,32,10,1
22019,2544,0021900374,"DEC 13, 2019",LAL @ MIA,W,37,11,22,0.5,4,8,0.5,2,4,0.5,2,7,9,12,1,0,8,2,28,9,1
22019,2544,0021900358,"DEC 11, 2019",LAL @ ORL,W,38,11,24,0.458,1,6,0.167,2,5,0.4,2,9,11,10,2,0,6,2,25,8,1
22019,2544,0021900342,"DEC 08, 2019",LAL vs. MIN,W,28,12,20,0.6,6,8,0.75,2,2,1.0,1,3,4,13,1,0,5,4,32,24,1
22019,2544,0021900329,"DEC 06, 2019",LAL @ POR,W,34,11,23,0.478,4,9,0.444,5,7,0.714,1,6,7,8,0,1,3,1,31,21,1
22019,2544,0021900314,"DEC 04, 2019",LAL @ UTA,W,29,9,21,0.429,1,6,0.167,1,1,1.0,0,4,4,12,1,0,1,3,20,14,1
22019,2544,0021900304,"DEC 03, 2019",LAL @ DEN,W,37,9,18,0.5,1,4,0.25,6,6,1.0,2,4,6,9,0,0,4,3,25,4,1
22019,2544,0021900287,"DEC 01, 2019",LAL vs. DAL,L,36,11,20,0.55,0,5,0.0,3,3,1.0,0,9,9,8,4,0,6,3,25,-16,1
22019,2544,0021900279,"NOV 29, 2019",LAL vs. WAS,W,25,9,16,0.563,4,8,0.5,1,2,0.5,0,3,3,11,2,1,6,1,23,20,1
22019,2544,0021900264,"NOV 27, 2019",LAL @ NOP,W,38,10,18,0.556,2,6,0.333,7,11,0.636,2,3,5,11,2,1,5,2,29,3,1
22019,2544,0021900249,"NOV 25, 2019",LAL @ SAS,W,35,13,24,0.542,4,7,0.571,3,8,0.375,1,3,4,14,0,1,3,2,33,6,1
22019,2544,0021900232,"NOV 23, 2019",LAL @ MEM,W,39,14,27,0.519,2,9,0.222,0,0,0.0,1,5,6,4,2,0,5,1,30,7,1
22019,2544,0021900220,"NOV 22, 2019",LAL @ OKC,W,36,9,20,0.45,1,3,0.333,4,6,0.667,1,5,6,14,1,1,5,2,23,3,1
22019,2544,0021900201,"NOV 19, 2019",LAL vs. OKC,W,37,10,21,0.476,2,5,0.4,3,5,0.6,0,11,11,10,2,0,7,2,25,6,1
22019,2544,0021900188,"NOV 17, 2019",LAL vs. ATL,W,33,13,21,0.619,6,10,0.6,1,1,1.0,0,7,7,12,1,1,0,1,33,30,1
22019,2544,0021900174,"NOV 15, 2019",LAL vs. SAC,W,39,10,20,0.5,2,7,0.286,7,7,1.0,3,1,4,11,3,0,2,1,29,13,1
22019,2544,0021900159,"NOV 13, 2019",LAL vs. GSW,W,26,11,21,0.524,1,5,0.2,0,1,0.0,2,4,6,12,1,1,4,1,23,13,1
22019,2544,0021900151,"NOV 12, 2019",LAL @ PHX,W,37,8,18,0.444,1,4,0.25,2,7,0.286,0,7,7,11,0,0,1,0,19,-2,1
22019,2544,0021900139,"NOV 10, 2019",LAL vs. TOR,L,35,5,15,0.333,0,2,0.0,3,6,0.5,3,10,13,15,0,1,2,0,13,-6,1
22019,2544,0021900126,"NOV 08, 2019",LAL vs. MIA,W,36,10,19,0.526,4,7,0.571,1,2,0.5,1,3,4,6,0,0,3,2,25,16,1
22019,2544,0021900100,"NOV 05, 2019",LAL @ CHI,W,35,10,19,0.526,2,6,0.333,8,9,0.889,0,10,10,11,2,1,2,3,30,17,1
22019,2544,0021900088,"NOV 03, 2019",LAL @ SAS,W,37,8,23,0.348,0,6,0.0,5,10,0.5,1,10,11,13,2,1,5,2,21,15,1
22019,2544,0021900074,"NOV 01, 2019",LAL @ DAL,W,43,13,23,0.565,4,9,0.444,9,11,0.818,0,12,12,16,4,1,4,5,39,15,1
22019,2544,0021900054,"OCT 29, 2019",LAL vs. MEM,W,28,8,15,0.533,2,5,0.4,5,7,0.714,0,2,2,8,0,1,6,0,23,2,1
22019,2544,0021900040,"OCT 27, 2019",LAL vs. CHA,W,35,7,14,0.5,1,3,0.333,5,5,1.0,1,5,6,12,1,0,4,0,20,17,1
22019,2544,0021900025,"OCT 25, 2019",LAL vs. UTA,W,31,12,22,0.545,1,4,0.25,7,8,0.875,2,5,7,10,1,0,1,0,32,17,1
22019,2544,0021900002,"OCT 22, 2019",LAL @ LAC,L,36,7,19,0.368,1,5,0.2,3,4,0.75,1,9,10,8,1,1,5,3,18,-8,1
22020,2544,0022001072,"MAY 16, 2021",LAL @ NOP,W,27,11,22,0.5,2,5,0.4,1,2,0.5,1,0,1,6,3,0,2,0,25,-2,1
22020,2544,0022001061,"MAY 15, 2021",LAL @ IND,W,28,11,22,0.5,1,4,0.25,1,2,0.5,3,4,7,8,0,0,4,2,24,7,1
22020,2544,0022000974,"MAY 02, 2021",LAL vs. TOR,L,28,6,11,0.545,2,5,0.4,5,7,0.714,0,7,7,6,0,0,5,2,19,-4,1
22020,2544,0022000956,"APR 30, 2021",LAL vs. SAC,L,32,6,12,0.5,1,5,0.2,3,5,0.6,1,7,8,7,2,1,5,1,16,5,1
22020,2544,0022000640,"MAR 20, 2021",LAL vs. ATL,L,11,3,6,0.5,1,2,0.5,3,3,1.0,0,1,1,4,0,0,1,0,10,-5,1
22020,2544,0022000630,"MAR 18, 2021",LAL vs. CHA,W,37,14,23,0.609,4,9,0.444,5,6,0.833,1,7,8,6,1,1,3,2,37,7,1
22020,2544,0022000615,"MAR 16, 2021",LAL vs. MIN,W,31,8,14,0.571,4,7,0.571,5,5,1.0,1,11,12,12,0,1,4,0,25,0,1
22020,2544,0022000608,"MAR 15, 2021",LAL @ GSW,W,30,8,13,0.615,2,4,0.5,4,6,0.667,1,9,10,11,0,0,6,3,22,33,1
22020,2544,0022000585,"MAR 12, 2021",LAL vs. IND,W,34,5,13,0.385,1,4,0.25,7,11,0.636,0,3,3,10,1,0,3,4,18,11,1
22020,2544,0022000542,"MAR 02, 2021",LAL vs. PHX,L,38,16,24,0.667,3,8,0.375,3,5,0.6,0,5,5,6,2,1,3,1,38,2,1
22020,2544,0022000527,"FEB 28, 2021",LAL vs. GSW,W,24,7,12,0.583,3,5,0.6,2,4,0.5,2,4,6,4,2,2,2,2,19,18,1
22020,2544,0022000512,"FEB 26, 2021",LAL vs. POR,W,36,11,21,0.524,2,5,0.4,4,8,0.5,1,10,11,7,4,3,2,1,28,9,1
22020,2544,0022000497,"FEB 24, 2021",LAL @ UTA,L,28,7,13,0.538,1,5,0.2,4,5,0.8,0,4,4,4,1,0,4,0,19,-20,1
22020,2544,0022000479,"FEB 22, 2021",LAL vs. WAS,L,43,14,29,0.483,2,10,0.2,1,3,0.333,0,9,9,13,1,0,8,2,31,3,1
22020,2544,0022000463,"FEB 20, 2021",LAL vs. MIA,L,37,7,21,0.333,1,8,0.125,4,4,1.0,1,8,9,9,1,1,5,3,19,11,1
22020,2544,0022000446,"FEB 18, 2021",LAL vs. BKN,L,33,14,23,0.609,1,6,0.167,3,6,0.5,0,8,8,7,0,0,3,1,32,-7,1
22020,2544,0022000431,"FEB 16, 2021",LAL @ MIN,W,38,13,20,0.65,1,4,0.25,3,4,0.75,0,13,13,7,0,1,5,1,30,4,1
22020,2544,0022000416,"FEB 14, 2021",LAL @ DEN,L,31,9,18,0.5,0,5,0.0,4,7,0.571,1,9,10,9,0,1,1,2,22,-17,1
22020,2544,0022000403,"FEB 12, 2021",LAL vs. MEM,W,34,9,15,0.6,1,4,0.25,9,14,0.643,1,8,9,8,2,0,5,2,28,8,1
22020,2544,0022000390,"FEB 10, 2021",LAL vs. OKC,W,41,9,20,0.45,3,9,0.333,4,4,1.0,0,6,6,7,2,0,5,2,25,6,1
22020,2544,0022000374,"FEB 08, 2021",LAL vs. OKC,W,43,11,22,0.5,2,10,0.2,4,5,0.8,0,14,14,12,2,2,5,3,28,8,1
22020,2544,0022000361,"FEB 06, 2021",LAL vs. DET,W,46,13,26,0.5,3,7,0.429,4,6,0.667,0,5,5,11,4,0,7,3,33,8,1
22020,2544,0022000341,"FEB 04, 2021",LAL vs. DEN,W,35,12,19,0.632,2,5,0.4,1,2,0.5,0,10,10,10,0,1,2,1,27,21,1
22020,2544,0022000313,"FEB 01, 2021",LAL @ ATL,W,38,5,12,0.417,2,6,0.333,9,11,0.818,0,7,7,9,2,1,2,0,21,10,1
22020,2544,0022000302,"JAN 30, 2021",LAL @ BOS,W,37,7,17,0.412,4,11,0.364,3,5,0.6,1,6,7,7,0,1,5,3,21,11,1
22020,2544,0022000284,"JAN 28, 2021",LAL @ DET,L,36,8,19,0.421,4,8,0.5,2,3,0.667,2,5,7,10,1,0,2,2,22,-9,1
22020,2544,0022000276,"JAN 27, 2021",LAL @ PHI,L,39,12,22,0.545,2,5,0.4,8,11,0.727,0,6,6,7,0,0,3,3,34,4,1
22020,2544,0022000261,"JAN 25, 2021",LAL @ CLE,W,38,19,26,0.731,7,11,0.636,1,2,0.5,0,8,8,6,2,2,3,1,46,11,1
22020,2544,0022000245,"JAN 23, 2021",LAL @ CHI,W,29,6,16,0.375,0,2,0.0,5,8,0.625,0,11,11,6,2,0,6,1,17,9,1
22020,2544,0022000226,"JAN 21, 2021",LAL @ MIL,W,38,13,25,0.52,6,10,0.6,2,2,1.0,1,5,6,8,1,1,3,2,34,15,1
22020,2544,0022000212,"JAN 18, 2021",LAL vs. GSW,L,38,6,16,0.375,2,7,0.286,5,8,0.625,0,5,5,5,1,0,5,1,19,-9,1
22020,2544,0022000187,"JAN 15, 2021",LAL vs. NOP,W,31,6,11,0.545,2,6,0.333,7,7,1.0,1,7,8,11,1,0,3,3,21,14,1
22020,2544,0022000170,"JAN 13, 2021",LAL @ OKC,W,27,9,20,0.45,5,8,0.625,3,4,0.75,0,6,6,7,0,0,2,2,26,14,1
22020,2544,0022000161,"JAN 12, 2021",LAL @ HOU,W,29,10,20,0.5,4,9,0.444,2,4,0.5,1,7,8,5,0,1,5,0,26,15,1
22020,2544,0022000146,"JAN 10, 2021",LAL @ HOU,W,30,7,15,0.467,1,6,0.167,3,6,0.5,1,6,7,7,1,1,2,2,18,10,1
22020,2544,0022000131,"JAN 08, 2021",LAL vs. CHI,W,34,11,21,0.524,0,5,0.0,6,8,0.75,0,7,7,7,0,0,4,1,28,9,1
22020,2544,0022000121,"JAN 07, 2021",LAL vs. SAS,L,35,8,15,0.533,4,7,0.571,7,11,0.636,0,6,6,12,0,0,4,3,27,-10,1
22020,2544,0022000103,"JAN 05, 2021",LAL @ MEM,W,34,11,20,0.55,1,4,0.25,3,3,1.0,2,10,12,7,1,1,6,0,26,20,1
22020,2544,0022000087,"JAN 03, 2021",LAL @ MEM,W,32,9,16,0.563,3,6,0.5,1,3,0.333,0,13,13,8,1,0,2,2,22,19,1
22020,2544,0022000075,"JAN 01, 2021",LAL @ SAS,W,36,8,22,0.364,3,7,0.429,7,7,1.0,1,10,11,10,2,0,4,0,26,18,1
22020,2544,0022000060,"DEC 30, 2020",LAL @ SAS,W,35,11,23,0.478,1,3,0.333,3,5,0.6,0,5,5,8,1,1,2,1,26,-1,1
22020,2544,0022000045,"DEC 28, 2020",LAL vs. POR,L,36,11,20,0.55,3,7,0.429,4,5,0.8,2,7,9,6,2,1,3,2,29,0,1
22020,2544,0022000040,"DEC 27, 2020",LAL vs. MIN,W,26,6,13,0.462,1,5,0.2,5,7,0.714,0,9,9,5,1,0,4,1,18,16,1
22020,2544,0022000008,"DEC 25, 2020",LAL vs. DAL,W,31,8,18,0.444,3,8,0.375,3,4,0.75,1,6,7,10,1,0,4,0,22,16,1
22020,2544,0022000002,"DEC 22, 2020",LAL vs. LAC,L,28,7,17,0.412,3,8,0.375,5,7,0.714,2,3,5,5,0,0,4,2,22,2,1
22021,2544,0022101160,"APR 01, 2022",LAL vs. NOP,L,40,13,23,0.565,3,8,0.375,9,12,0.75,0,8,8,4,1,0,6,3,38,-2,1
22021,2544,0022101119,"MAR 27, 2022",LAL @ NOP,L,42,14,27,0.519,7,13,0.538,4,6,0.667,1,8,9,5,0,1,4,1,39,-9,1
22021,2544,0022101072,"MAR 21, 2022",LAL @ CLE,W,41,17,29,0.586,0,4,0.0,4,4,1.0,1,9,10,12,1,1,3,0,38,9,1
22021,2544,0022101061,"MAR 19, 2022",LAL @ WAS,L,36,16,29,0.552,4,10,0.4,2,3,0.667,2,8,10,6,0,0,2,3,38,1,1
22021,2544,0022101051,"MAR 18, 2022",LAL @ TOR,W,45,15,26,0.577,2,7,0.286,4,7,0.571,4,5,9,7,0,2,3,2,36,-5,1
22021,2544,0022101039,"MAR 16, 2022",LAL @ MIN,L,37,8,21,0.381,1,8,0.125,2,5,0.4,0,5,5,4,1,2,5,5,19,-19,1
22021,2544,0022101028,"MAR 14, 2022",LAL vs. TOR,L,40,11,19,0.579,4,7,0.571,4,7,0.571,3,6,9,3,0,2,5,4,30,-21,1
22021,2544,0022101019,"MAR 13, 2022",LAL @ PHX,L,30,10,20,0.5,5,11,0.455,6,7,0.857,0,7,7,6,0,1,4,0,31,-16,1
22021,2544,0022101004,"MAR 11, 2022",LAL vs. WAS,W,36,18,25,0.72,6,9,0.667,8,8,1.0,0,7,7,6,0,1,3,3,50,22,1
22021,2544,0022100985,"MAR 09, 2022",LAL @ HOU,L,45,9,26,0.346,1,9,0.111,4,6,0.667,2,12,14,12,1,4,5,1,23,-17,1
22021,2544,0022100959,"MAR 05, 2022",LAL vs. GSW,W,39,19,31,0.613,6,11,0.545,12,13,0.923,2,8,10,3,0,1,4,0,56,13,1
22021,2544,0022100945,"MAR 03, 2022",LAL @ LAC,L,37,8,18,0.444,2,9,0.222,8,10,0.8,1,7,8,4,0,1,4,2,26,-27,1
22021,2544,0022100931,"MAR 01, 2022",LAL vs. DAL,L,38,10,18,0.556,3,7,0.429,3,5,0.6,0,12,12,5,1,0,4,2,26,7,1
22021,2544,0022100919,"FEB 27, 2022",LAL vs. NOP,L,36,13,23,0.565,1,4,0.25,5,5,1.0,0,6,6,3,2,2,7,2,32,-22,1
22021,2544,0022100904,"FEB 25, 2022",LAL vs. LAC,L,36,6,18,0.333,2,8,0.25,7,8,0.875,1,10,11,3,1,1,6,1,21,-4,1
22021,2544,0022100884,"FEB 16, 2022",LAL vs. UTA,W,40,14,23,0.609,3,8,0.375,2,2,1.0,1,7,8,6,2,0,3,1,33,7,1
22021,2544,0022100854,"FEB 12, 2022",LAL @ GSW,L,38,9,27,0.333,3,10,0.3,5,9,0.556,3,12,15,8,0,0,4,3,26,-11,1
22021,2544,0022100829,"FEB 09, 2022",LAL @ POR,L,37,13,22,0.591,3,7,0.429,1,1,1.0,0,7,7,7,3,0,6,1,30,-5,1
22021,2544,0022100822,"FEB 08, 2022",LAL vs. MIL,L,35,11,19,0.579,3,7,0.429,2,4,0.5,0,5,5,8,0,0,4,4,27,-25,1
22021,2544,0022100799,"FEB 05, 2022",LAL vs. NYK,W,40,13,24,0.542,2,7,0.286,1,2,0.5,3,10,13,10,1,0,3,3,29,12,1
22021,2544,0022100718,"JAN 25, 2022",LAL @ BKN,W,34,14,21,0.667,2,8,0.25,3,3,1.0,0,7,7,6,3,2,0,1,33,10,1
22021,2544,0022100700,"JAN 23, 2022",LAL @ MIA,L,40,12,22,0.545,1,8,0.125,8,11,0.727,2,9,11,4,2,0,3,4,33,-8,1
22021,2544,0022100685,"JAN 21, 2022",LAL @ ORL,W,34,12,23,0.522,2,7,0.286,3,3,1.0,1,6,7,5,1,1,6,3,29,5,1
22021,2544,0022100680,"JAN 19, 2022",LAL vs. IND,L,37,11,22,0.5,3,7,0.429,5,7,0.714,1,11,12,5,2,0,3,1,30,-20,1
22021,2544,0022100665,"JAN 17, 2022",LAL vs. UTA,W,37,9,20,0.45,3,8,0.375,4,8,0.5,0,7,7,7,1,1,1,1,25,11,1
22021,2544,0022100649,"JAN 15, 2022",LAL @ DEN,L,31,9,23,0.391,2,8,0.25,5,7,0.714,1,8,9,2,0,2,1,0,25,-17,1
22021,2544,0022100626,"JAN 12, 2022",LAL @ SAC,L,39,13,29,0.448,3,12,0.25,5,10,0.5,1,6,7,6,0,1,1,2,34,-12,1
22021,2544,0022100606,"JAN 09, 2022",LAL vs. MEM,L,33,14,19,0.737,3,4,0.75,4,4,1.0,6,3,9,7,0,0,3,4,35,-30,1
22021,2544,0022100589,"JAN 07, 2022",LAL vs. ATL,W,37,13,24,0.542,1,6,0.167,5,5,1.0,1,7,8,9,4,3,4,4,32,4,1
22021,2544,0022100566,"JAN 04, 2022",LAL vs. SAC,W,36,12,26,0.462,3,10,0.3,4,5,0.8,2,3,5,5,0,1,2,3,31,3,1
22021,2544,0022100551,"JAN 02, 2022",LAL vs. MIN,W,39,7,15,0.467,3,9,0.333,9,12,0.75,0,7,7,5,3,1,1,2,26,9,1
22021,2544,0022100538,"DEC 31, 2021",LAL vs. POR,W,29,16,26,0.615,5,10,0.5,6,9,0.667,2,12,14,4,2,2,0,1,43,18,1
22021,2544,0022100520,"DEC 29, 2021",LAL @ MEM,L,38,13,25,0.52,8,14,0.571,3,3,1.0,2,11,13,7,2,2,5,1,37,0,1
22021,2544,0022100511,"DEC 28, 2021",LAL @ HOU,W,39,11,19,0.579,3,5,0.6,7,9,0.778,4,6,10,11,1,2,3,3,32,6,1
22021,2544,0022100491,"DEC 25, 2021",LAL vs. BKN,L,40,14,25,0.56,3,9,0.333,8,9,0.889,1,8,9,7,3,1,3,2,39,9,1
22021,2544,0022100487,"DEC 23, 2021",LAL vs. SAS,L,35,15,26,0.577,2,7,0.286,4,6,0.667,2,7,9,6,1,2,3,2,36,-23,1
22021,2544,0022100469,"DEC 21, 2021",LAL vs. PHX,L,34,13,19,0.684,2,5,0.4,6,6,1.0,0,7,7,2,2,0,2,1,34,0,1
22021,2544,0022100448,"DEC 19, 2021",LAL @ CHI,L,39,11,21,0.524,1,7,0.143,8,11,0.727,1,13,14,6,1,2,4,5,31,-1,1
22021,2544,0022100436,"DEC 17, 2021",LAL @ MIN,L,36,5,13,0.385,2,6,0.333,6,8,0.75,1,9,10,5,1,2,4,5,18,-11,1
22021,2544,0022100420,"DEC 15, 2021",LAL @ DAL,W,43,9,19,0.474,4,9,0.444,2,3,0.667,0,3,3,5,1,0,2,1,24,-6,1
22021,2544,0022100403,"DEC 12, 2021",LAL vs. ORL,W,37,12,20,0.6,3,7,0.429,3,4,0.75,1,10,11,10,0,3,6,2,30,14,1
22021,2544,0022100389,"DEC 10, 2021",LAL @ OKC,W,35,13,20,0.65,4,6,0.667,3,4,0.75,0,5,5,6,3,2,2,2,33,19,1
22021,2544,0022100380,"DEC 09, 2021",LAL @ MEM,L,37,7,15,0.467,1,6,0.167,5,5,1.0,0,10,10,11,4,2,5,1,20,2,1
22021,2544,0022100365,"DEC 07, 2021",LAL vs. BOS,W,36,13,19,0.684,2,5,0.4,2,2,1.0,2,2,4,5,0,0,3,2,30,18,1
22021,2544,0022100341,"DEC 03, 2021",LAL vs. LAC,L,36,9,23,0.391,2,8,0.25,3,5,0.6,3,8,11,6,2,0,3,2,23,-5,1
22021,2544,0022100304,"NOV 28, 2021",LAL vs. DET,W,37,12,20,0.6,4,9,0.444,5,8,0.625,0,5,5,9,2,1,2,1,33,14,1
22021,2544,0022100291,"NOV 26, 2021",LAL vs. SAC,L,50,10,25,0.4,2,13,0.154,8,11,0.727,1,6,7,11,1,0,7,4,30,-7,1
22021,2544,0022100268,"NOV 24, 2021",LAL @ IND,W,43,13,29,0.448,5,12,0.417,8,9,0.889,0,5,5,6,1,2,2,2,39,-3,1
22021,2544,0022100249,"NOV 21, 2021",LAL @ DET,W,21,4,7,0.571,1,3,0.333,1,1,1.0,0,1,1,5,0,0,2,1,10,-15,1
22021,2544,0022100232,"NOV 19, 2021",LAL @ BOS,L,32,10,16,0.625,3,7,0.429,0,1,0.0,1,5,6,2,2,0,3,3,23,-4,1
22021,2544,0022100107,"NOV 02, 2021",LAL vs. HOU,W,36,13,21,0.619,2,4,0.5,2,2,1.0,0,4,4,10,2,0,4,3,30,8,1
22021,2544,0022100093,"OCT 31, 2021",LAL vs. HOU,W,35,6,19,0.316,0,6,0.0,3,4,0.75,1,6,7,8,4,1,2,0,15,7,1
22021,2544,0022100077,"OCT 29, 2021",LAL vs. CLE,W,38,10,22,0.455,1,10,0.1,5,5,1.0,1,2,3,8,3,1,7,1,26,9,1
22021,2544,0022100040,"OCT 24, 2021",LAL vs. MEM,W,40,7,19,0.368,4,9,0.444,1,2,0.5,0,6,6,6,2,2,3,1,19,-1,1
22021,2544,0022100025,"OCT 22, 2021",LAL vs. PHX,L,37,8,18,0.444,5,9,0.556,4,4,1.0,0,2,2,5,2,0,5,4,25,-6,1
22021,2544,0022100002,"OCT 19, 2021",LAL vs. GSW,L,37,13,23,0.565,5,11,0.455,3,6,0.5,1,10,11,5,1,1,4,5,34,-2,1
22022,2544,0022201228,"APR 09, 2023",LAL vs. UTA,W,33,13,25,0.52,8,14,0.571,2,2,1.0,1,5,6,6,1,1,2,0,36,20,1
22022,2544,0022201212,"APR 07, 2023",LAL vs. PHX,W,29,6,19,0.316,3,7,0.429,1,2,0.5,0,6,6,6,0,0,5,1,16,11,1
22022,2544,0022201196,"APR 05, 2023",LAL @ LAC,L,35,13,20,0.65,4,6,0.667,3,5,0.6,0,8,8,7,1,1,6,0,33,-10,1
22022,2544,0022201186,"APR 04, 2023",LAL @ UTA,W,38,14,27,0.519,3,10,0.3,6,6,1.0,0,5,5,6,1,1,5,2,37,-7,1
22022,2544,0022201171,"APR 02, 2023",LAL @ HOU,W,29,8,18,0.444,1,7,0.143,1,1,1.0,2,8,10,11,0,1,1,1,18,23,1
22022,2544,0022201157,"MAR 31, 2023",LAL @ MIN,W,32,7,19,0.368,1,3,0.333,3,4,0.75,1,9,10,6,1,2,3,1,18,3,1
22022,2544,0022201140,"MAR 29, 2023",LAL @ CHI,W,31,10,19,0.526,1,3,0.333,4,4,1.0,3,5,8,4,2,0,4,2,25,23,1
22022,2544,0022201114,"MAR 26, 2023",LAL vs. CHI,L,30,6,11,0.545,0,2,0.0,7,8,0.875,1,7,8,3,0,0,5,2,19,4,1
22022,2544,0022200913,"FEB 26, 2023",LAL @ DAL,W,37,10,23,0.435,1,6,0.167,5,7,0.714,3,5,8,3,1,1,3,4,26,0,1
22022,2544,0022200893,"FEB 23, 2023",LAL vs. GSW,W,26,5,20,0.25,2,6,0.333,1,2,0.5,3,6,9,8,0,0,2,2,13,22,1
22022,2544,0022200882,"FEB 15, 2023",LAL vs. NOP,W,29,7,14,0.5,0,5,0.0,7,10,0.7,0,6,6,6,0,1,4,1,21,14,1
22022,2544,0022200821,"FEB 07, 2023",LAL vs. OKC,L,34,13,20,0.65,4,6,0.667,8,10,0.8,0,7,7,3,3,0,4,3,38,8,1
22022,2544,0022200798,"FEB 04, 2023",LAL @ NOP,L,40,10,22,0.455,1,7,0.143,6,9,0.667,0,9,9,6,0,0,2,2,27,-5,1
22022,2544,0022200778,"FEB 02, 2023",LAL @ IND,W,33,11,19,0.579,2,5,0.4,2,2,1.0,2,5,7,7,0,0,3,1,26,-4,1
22022,2544,0022200765,"JAN 31, 2023",LAL @ NYK,W,43,11,25,0.44,2,8,0.25,4,7,0.571,1,9,10,11,1,0,5,2,28,22,1
22022,2544,0022200749,"JAN 28, 2023",LAL @ BOS,L,44,15,30,0.5,6,12,0.5,5,6,0.833,1,8,9,8,0,0,2,2,41,2,1
22022,2544,0022200729,"JAN 25, 2023",LAL vs. SAS,W,35,8,20,0.4,1,6,0.167,3,4,0.75,1,8,9,11,0,0,6,0,20,2,1
22022,2544,0022200719,"JAN 24, 2023",LAL vs. LAC,L,33,16,29,0.552,9,14,0.643,5,5,1.0,1,7,8,7,2,1,0,0,46,-14,1
22022,2544,0022200705,"JAN 22, 2023",LAL @ POR,W,36,14,24,0.583,2,7,0.286,7,10,0.7,0,11,11,4,0,2,4,2,37,17,1
22022,2544,0022200690,"JAN 20, 2023",LAL vs. MEM,W,37,8,21,0.381,1,5,0.2,6,7,0.857,2,7,9,6,2,2,3,4,23,9,1
22022,2544,0022200677,"JAN 18, 2023",LAL vs. SAC,L,37,11,25,0.44,2,9,0.222,8,9,0.889,0,8,8,9,1,1,1,0,32,-16,1
22022,2544,0022200664,"JAN 16, 2023",LAL vs. HOU,W,36,16,26,0.615,5,10,0.5,11,12,0.917,1,7,8,9,0,0,0,1,48,19,1
22022,2544,0022200655,"JAN 15, 2023",LAL vs. PHI,L,35,15,23,0.652,1,5,0.2,4,5,0.8,0,8,8,10,1,1,3,1,35,19,1
22022,2544,0022200630,"JAN 12, 2023",LAL vs. DAL,L,47,9,28,0.321,0,7,0.0,6,10,0.6,6,10,16,9,2,0,3,0,24,-3,1
22022,2544,0022200595,"JAN 07, 2023",LAL @ SAC,W,38,14,28,0.5,1,6,0.167,8,9,0.889,1,7,8,7,1,0,4,2,37,15,1
22022,2544,0022200590,"JAN 06, 2023",LAL vs. ATL,W,33,10,19,0.526,1,5,0.2,4,6,0.667,0,7,7,10,0,0,5,0,25,12,1
22022,2544,0022200551,"JAN 02, 2023",LAL @ CHA,W,40,16,26,0.615,0,5,0.0,11,15,0.733,0,11,11,6,1,0,3,1,43,9,1
22022,2544,0022200530,"DEC 30, 2022",LAL @ ATL,W,40,18,27,0.667,4,6,0.667,7,9,0.778,2,8,10,9,0,1,5,0,47,12,1
22022,2544,0022200518,"DEC 28, 2022",LAL @ MIA,L,33,10,18,0.556,2,5,0.4,5,5,1.0,0,9,9,6,0,0,6,4,27,-4,1
22022,2544,0022200505,"DEC 27, 2022",LAL @ ORL,W,31,12,24,0.5,0,7,0.0,4,5,0.8,2,5,7,5,1,1,4,1,28,8,1
22022,2544,0022200494,"DEC 25, 2022",LAL @ DAL,L,34,13,23,0.565,0,4,0.0,12,12,1.0,0,6,6,5,0,0,2,2,38,2,1
22022,2544,0022200492,"DEC 23, 2022",LAL vs. CHA,L,34,15,23,0.652,4,8,0.5,0,2,0.0,0,2,2,8,1,0,3,2,34,-6,1
22022,2544,0022200475,"DEC 21, 2022",LAL @ SAC,L,34,11,21,0.524,0,4,0.0,9,10,0.9,0,6,6,11,0,2,2,0,31,-4,1
22022,2544,0022200451,"DEC 18, 2022",LAL vs. WAS,W,37,13,24,0.542,1,4,0.25,6,8,0.75,1,6,7,9,0,1,0,0,33,10,1
22022,2544,0022200437,"DEC 16, 2022",LAL vs. DEN,W,36,13,21,0.619,1,4,0.25,3,4,0.75,1,8,9,4,2,0,2,2,30,26,1
22022,2544,0022200413,"DEC 13, 2022",LAL vs. BOS,L,43,14,25,0.56,3,11,0.273,2,4,0.5,0,9,9,9,2,1,4,4,33,10,1
22022,2544,0022200396,"DEC 11, 2022",LAL @ DET,W,37,14,24,0.583,2,6,0.333,5,5,1.0,1,4,5,5,1,0,1,1,35,18,1
22022,2544,0022200382,"DEC 09, 2022",LAL @ PHI,L,44,9,22,0.409,1,8,0.125,4,8,0.5,1,3,4,6,2,0,3,3,23,-10,1
22022,2544,0022200360,"DEC 06, 2022",LAL @ CLE,L,36,8,17,0.471,2,6,0.333,3,4,0.75,4,13,17,4,1,1,3,0,21,-14,1
22022,2544,0022200349,"DEC 04, 2022",LAL @ WAS,W,34,12,26,0.462,2,7,0.286,3,4,0.75,1,7,8,6,1,0,5,3,29,13,1
22022,2544,0022200331,"DEC 02, 2022",LAL @ MIL,W,37,12,27,0.444,3,6,0.5,1,2,0.5,1,7,8,11,2,0,0,2,28,6,1
22022,2544,0022200324,"NOV 30, 2022",LAL vs. POR,W,33,12,18,0.667,6,8,0.75,1,3,0.333,2,5,7,8,0,1,2,1,31,8,1
22022,2544,0022200308,"NOV 28, 2022",LAL vs. IND,L,36,8,22,0.364,3,10,0.3,2,3,0.667,1,6,7,3,1,0,1,1,21,-7,1
22022,2544,0022200288,"NOV 26, 2022",LAL @ SAS,W,35,11,21,0.524,7,12,0.583,10,10,1.0,0,11,11,3,1,1,4,3,39,-3,1
22022,2544,0022200282,"NOV 25, 2022",LAL @ SAS,W,33,8,17,0.471,1,4,0.25,4,4,1.0,0,8,8,5,3,1,9,2,21,16,1
22022,2544,0022200170,"NOV 09, 2022",LAL @ LAC,L,32,12,22,0.545,4,9,0.444,2,4,0.5,1,7,8,5,2,0,3,2,30,-17,1
22022,2544,0022200140,"NOV 06, 2022",LAL vs. CLE,L,34,13,23,0.565,1,4,0.25,0,3,0.0,2,5,7,4,0,0,1,0,27,-8,1
22022,2544,0022200131,"NOV 04, 2022",LAL vs. UTA,L,34,7,19,0.368,0,5,0.0,3,5,0.6,2,8,10,8,0,1,3,3,17,-11,1
22022,2544,0022200117,"NOV 02, 2022",LAL vs. NOP,W,40,9,23,0.391,0,7,0.0,2,4,0.5,0,10,10,8,0,2,2,3,20,5,1
22022,2544,0022200095,"OCT 30, 2022",LAL vs. DEN,W,35,10,22,0.455,2,5,0.4,4,5,0.8,0,6,6,8,1,0,3,1,26,-1,1
22022,2544,0022200076,"OCT 28, 2022",LAL @ MIN,L,37,10,24,0.417,1,6,0.167,7,8,0.875,3,4,7,5,4,0,3,2,28,-13,1
22022,2544,0022200064,"OCT 26, 2022",LAL @ DEN,L,35,8,21,0.381,2,8,0.25,1,2,0.5,2,5,7,9,1,0,8,1,19,-7,1
22022,2544,0022200037,"OCT 23, 2022",LAL vs. POR,L,38,12,22,0.545,2,9,0.222,5,7,0.714,1,7,8,8,2,2,4,3,31,2,1
22022,2544,0022200016,"OCT 20, 2022",LAL vs. LAC,L,37,7,17,0.412,2,8,0.25,4,6,0.667,2,8,10,6,1,2,2,3,20,-1,1
22022,2544,0022200002,"OCT 18, 2022",LAL @ GSW,L,35,12,26,0.462,3,10,0.3,4,4,1.0,5,10,15,8,0,0,5,2,31,-10,1
22023,2544,0022301195,"APR 14, 2024",LAL @ NOP,W,38,11,20,0.55,0,2,0.0,6,6,1.0,2,9,11,17,5,1,4,0,28,19,1
22023,2544,0022301177,"APR 12, 2024",LAL @ MEM,W,41,13,20,0.65,3,7,0.429,8,11,0.727,2,7,9,5,2,0,8,1,37,-3,1
22023,2544,0022301155,"APR 09, 2024",LAL vs. GSW,L,36,14,22,0.636,1,3,0.333,4,5,0.8,1,6,7,11,2,0,4,0,33,-6,1
22023,2544,0022301127,"APR 06, 2024",LAL vs. CLE,W,36,10,18,0.556,1,5,0.2,3,5,0.6,0,5,5,12,1,1,5,1,24,10,1
22023,2544,0022301103,"APR 03, 2024",LAL @ WAS,W,36,9,18,0.5,0,1,0.0,7,9,0.778,2,5,7,9,3,0,4,2,25,9,1
22023,2544,0022301094,"APR 02, 2024",LAL @ TOR,W,29,10,12,0.833,1,1,1.0,2,5,0.4,0,4,4,9,0,0,1,0,23,13,1
22023,2544,0022301078,"MAR 31, 2024",LAL @ BKN,W,37,13,17,0.765,9,10,0.9,5,6,0.833,1,6,7,5,0,0,4,0,40,22,1
22023,2544,0022301063,"MAR 29, 2024",LAL @ IND,L,35,6,12,0.5,0,3,0.0,4,4,1.0,1,9,10,8,0,0,5,1,16,-13,1
22023,2544,0022301055,"MAR 27, 2024",LAL @ MEM,W,35,8,14,0.571,0,1,0.0,7,11,0.636,0,14,14,12,1,0,4,1,23,33,1
22023,2544,0022301032,"MAR 24, 2024",LAL vs. IND,W,38,8,19,0.421,2,4,0.5,8,8,1.0,1,4,5,10,1,1,3,1,26,12,1
22023,2544,0022301018,"MAR 22, 2024",LAL vs. PHI,W,38,7,15,0.467,1,3,0.333,5,7,0.714,0,8,8,6,0,1,8,1,20,7,1
22023,2544,0022300990,"MAR 18, 2024",LAL vs. ATL,W,29,10,14,0.714,2,5,0.4,3,3,1.0,0,7,7,10,0,0,2,0,25,20,1
22023,2544,0022300973,"MAR 16, 2024",LAL vs. GSW,L,38,15,23,0.652,3,5,0.6,7,8,0.875,3,5,8,9,1,1,4,1,40,-6,1
22023,2544,0022300954,"MAR 13, 2024",LAL @ SAC,L,40,6,16,0.375,2,8,0.25,4,6,0.667,1,12,13,9,2,0,5,3,18,-10,1
22023,2544,0022300932,"MAR 10, 2024",LAL vs. MIN,W,38,10,16,0.625,2,4,0.5,7,9,0.778,0,8,8,9,0,0,4,1,29,14,1
22023,2544,0022300901,"MAR 06, 2024",LAL vs. SAC,L,36,10,16,0.625,1,4,0.25,10,10,1.0,0,5,5,13,1,0,3,0,31,-3,1
22023,2544,0022300884,"MAR 04, 2024",LAL vs. OKC,W,31,7,14,0.5,1,3,0.333,4,5,0.8,1,10,11,8,1,0,3,1,19,14,1
22023,2544,0022300869,"MAR 02, 2024",LAL vs. DEN,L,37,12,20,0.6,2,5,0.4,0,2,0.0,0,4,4,9,3,0,3,1,26,-1,1
22023,2544,0022300856,"FEB 29, 2024",LAL vs. WAS,W,39,12,24,0.5,2,5,0.4,5,7,0.714,0,4,4,9,1,1,4,1,31,-5,1
22023,2544,0022300848,"FEB 28, 2024",LAL @ LAC,W,37,13,21,0.619,7,12,0.583,1,1,1.0,1,5,6,8,0,2,3,2,34,11,1
22023,2544,0022300818,"FEB 25, 2024",LAL @ PHX,L,37,12,19,0.632,3,6,0.5,1,4,0.25,1,6,7,12,2,1,3,3,28,-8,1
22023,2544,0022300813,"FEB 23, 2024",LAL vs. SAS,W,34,13,22,0.591,2,3,0.667,2,2,1.0,1,6,7,9,1,0,2,0,30,21,1
22023,2544,0022300776,"FEB 13, 2024",LAL vs. DET,W,31,9,15,0.6,3,6,0.5,4,4,1.0,0,1,1,8,0,0,4,0,25,9,1
22023,2544,0022300747,"FEB 09, 2024",LAL vs. NOP,W,38,6,13,0.462,2,2,1.0,7,8,0.875,1,3,4,14,1,1,2,2,21,15,1
22023,2544,0022300740,"FEB 08, 2024",LAL vs. DEN,L,35,9,20,0.45,2,6,0.333,5,5,1.0,1,8,9,7,1,1,2,0,25,-6,1
22023,2544,0022300713,"FEB 05, 2024",LAL @ CHA,W,40,12,22,0.545,0,5,0.0,2,3,0.667,0,4,4,7,1,1,4,2,26,2,1
22023,2544,0022300701,"FEB 03, 2024",LAL @ NYK,W,40,10,19,0.526,2,5,0.4,2,2,1.0,1,4,5,5,2,1,1,1,24,11,1
22023,2544,0022300669,"JAN 30, 2024",LAL @ ATL,L,36,7,17,0.412,2,6,0.333,4,9,0.444,2,7,9,8,1,1,3,1,20,-6,1
22023,2544,0022300662,"JAN 29, 2024",LAL @ HOU,L,37,9,15,0.6,2,5,0.4,3,8,0.375,0,6,6,10,1,1,1,4,23,-11,1
22023,2544,0022300650,"JAN 27, 2024",LAL @ GSW,W,48,14,25,0.56,2,4,0.5,6,6,1.0,1,19,20,12,0,0,3,2,36,-6,1
22023,2544,0022300633,"JAN 25, 2024",LAL vs. CHI,W,36,10,19,0.526,3,4,0.75,2,2,1.0,0,4,4,12,2,0,5,2,25,14,1
22023,2544,0022300605,"JAN 21, 2024",LAL vs. POR,W,31,8,16,0.5,3,8,0.375,9,10,0.9,0,5,5,5,0,0,3,2,28,28,1
22023,2544,0022300591,"JAN 19, 2024",LAL vs. BKN,L,34,9,22,0.409,2,5,0.4,4,5,0.8,5,6,11,5,0,0,4,1,24,-13,1
22023,2544,0022300577,"JAN 17, 2024",LAL vs. DAL,W,33,10,19,0.526,3,7,0.429,2,2,1.0,1,7,8,8,1,0,3,1,25,20,1
22023,2544,0022300565,"JAN 15, 2024",LAL vs. OKC,W,39,12,20,0.6,1,2,0.5,0,1,0.0,0,7,7,6,0,0,5,1,25,2,1
22023,2544,0022300531,"JAN 11, 2024",LAL vs. PHX,L,24,3,11,0.273,0,4,0.0,4,7,0.571,0,5,5,9,1,0,4,1,10,-25,1
22023,2544,0022300516,"JAN 09, 2024",LAL vs. TOR,W,35,8,17,0.471,2,5,0.4,4,6,0.667,0,5,5,12,1,1,3,0,22,0,1
22023,2544,0022300505,"JAN 07, 2024",LAL vs. LAC,W,38,11,19,0.579,1,3,0.333,2,3,0.667,1,7,8,7,1,0,4,2,25,5,1
22023,2544,0022300491,"JAN 05, 2024",LAL vs. MEM,L,39,11,24,0.458,4,9,0.444,6,10,0.6,2,3,5,7,5,0,4,0,32,-8,1
22023,2544,0022300475,"JAN 03, 2024",LAL vs. MIA,L,38,6,18,0.333,0,6,0.0,0,0,0.0,0,6,6,9,0,0,2,2,12,-20,1
22023,2544,0022300446,"DEC 31, 2023",LAL @ NOP,L,37,12,24,0.5,3,7,0.429,7,8,0.875,0,5,5,8,0,1,4,2,34,-11,1
22023,2544,0022300443,"DEC 30, 2023",LAL @ MIN,L,39,10,21,0.476,1,4,0.25,5,7,0.714,0,3,3,6,3,1,1,2,26,-5,1
22023,2544,0022300428,"DEC 28, 2023",LAL vs. CHA,W,25,7,13,0.538,2,5,0.4,1,1,1.0,0,4,4,11,0,0,3,0,17,1,1
22023,2544,0022300403,"DEC 25, 2023",LAL vs. BOS,L,37,5,14,0.357,1,2,0.5,5,6,0.833,0,9,9,8,0,0,3,1,16,-11,1
22023,2544,0022300397,"DEC 23, 2023",LAL @ OKC,W,37,13,20,0.65,5,5,1.0,9,9,1.0,2,5,7,7,2,2,3,0,40,10,1
22023,2544,0022300370,"DEC 20, 2023",LAL @ CHI,L,37,10,18,0.556,1,3,0.333,4,4,1.0,2,8,10,9,1,2,5,0,25,-11,1
22023,2544,0022300359,"DEC 18, 2023",LAL vs. NYK,L,39,10,23,0.435,2,8,0.25,3,4,0.75,1,10,11,11,1,0,2,1,25,-13,1
22023,2544,0022300331,"DEC 15, 2023",LAL @ SAS,L,36,7,17,0.412,2,6,0.333,7,10,0.7,2,5,7,14,2,0,2,1,23,-28,1
22023,2544,0022300306,"DEC 12, 2023",LAL @ DAL,L,40,14,27,0.519,3,8,0.375,2,3,0.667,2,6,8,9,3,1,4,1,33,-4,1
22023,2544,0022301230,"DEC 07, 2023",LAL vs. NOP,W,23,9,12,0.75,4,4,1.0,8,8,1.0,0,5,5,8,0,0,0,1,30,36,1
22023,2544,0022301203,"DEC 05, 2023",LAL vs. PHX,W,40,12,25,0.48,2,4,0.5,5,6,0.833,3,5,8,11,5,0,2,3,31,12,1
22023,2544,0022300291,"DEC 02, 2023",LAL vs. HOU,W,35,7,17,0.412,0,4,0.0,2,5,0.4,0,4,4,7,1,1,5,0,16,16,1
22023,2544,0022300271,"NOV 30, 2023",LAL @ OKC,L,35,7,12,0.583,4,8,0.5,3,4,0.75,2,10,12,6,1,1,5,1,21,-18,1
22023,2544,0022300258,"NOV 29, 2023",LAL @ DET,W,29,9,19,0.474,2,6,0.333,5,5,1.0,2,6,8,3,0,0,1,0,25,26,1
22023,2544,0022300255,"NOV 27, 2023",LAL @ PHI,L,30,8,12,0.667,1,1,1.0,1,2,0.5,0,0,0,5,1,1,1,0,18,-30,1
22023,2544,0022300242,"NOV 25, 2023",LAL @ CLE,W,36,8,23,0.348,1,9,0.111,5,7,0.714,1,5,6,6,2,2,4,1,22,2,1
22023,2544,0022300238,"NOV 22, 2023",LAL vs. DAL,L,36,9,19,0.474,4,9,0.444,4,7,0.571,2,7,9,7,0,0,3,0,26,7,1
22023,2544,0022300042,"NOV 21, 2023",LAL vs. UTA,W,24,6,10,0.6,3,5,0.6,2,2,1.0,1,6,7,9,0,0,2,0,17,14,1
22023,2544,0022300216,"NOV 19, 2023",LAL vs. HOU,W,40,14,19,0.737,2,5,0.4,7,9,0.778,1,5,6,8,3,0,2,0,37,2,1
22023,2544,0022300036,"NOV 17, 2023",LAL @ POR,W,35,13,22,0.591,5,9,0.556,4,6,0.667,0,5,5,9,2,0,3,3,35,19,1
22023,2544,0022300198,"NOV 15, 2023",LAL vs. SAC,L,35,9,15,0.6,3,7,0.429,7,8,0.875,2,8,10,12,4,1,6,1,28,0,1
22023,2544,0022300026,"NOV 14, 2023",LAL vs. MEM,W,23,6,11,0.545,3,6,0.5,1,2,0.5,0,9,9,6,1,0,4,1,16,15,1
22023,2544,0022300015,"NOV 10, 2023",LAL @ PHX,W,36,11,17,0.647,3,4,0.75,7,11,0.636,1,10,11,6,1,1,4,1,32,2,1
22023,2544,0022300163,"NOV 08, 2023",LAL @ HOU,L,27,7,13,0.538,0,2,0.0,4,5,0.8,1,5,6,2,0,0,3,1,18,-24,1
22023,2544,0022300150,"NOV 06, 2023",LAL @ MIA,L,37,13,23,0.565,0,4,0.0,4,4,1.0,0,4,4,3,1,3,5,4,30,6,1
22023,2544,0022300134,"NOV 04, 2023",LAL @ ORL,L,35,8,15,0.533,2,5,0.4,6,7,0.857,1,8,9,5,3,0,3,1,24,12,1
22023,2544,0022300127,"NOV 01, 2023",LAL vs. LAC,W,42,13,19,0.684,4,8,0.5,5,10,0.5,0,12,12,7,1,2,4,3,35,6,1
22023,2544,0022300111,"OCT 30, 2023",LAL vs. ORL,W,33,7,17,0.412,2,6,0.333,3,4,0.75,0,3,3,4,3,1,5,0,19,5,1
22023,2544,0022300100,"OCT 29, 2023",LAL @ SAC,L,39,11,19,0.579,3,8,0.375,2,6,0.333,0,15,15,8,0,0,8,2,27,-5,1
22023,2544,0022300076,"OCT 26, 2023",LAL vs. PHX,W,35,7,14,0.5,1,5,0.2,6,8,0.75,1,7,8,9,2,2,5,1,21,22,1
22023,2544,0022300061,"OCT 24, 2023",LAL @ DEN,L,29,10,16,0.625,1,4,0.25,0,1,0.0,1,7,8,5,1,0,0,1,21,7,1
