Game_ID,PTS,Player_PPG_last_5,Player_PPG_so_far,DEF_RATING,DEF_RATING_RANK,MIN_Model_Player,MIN_Factor_Teammate,Factor_Teammate_Yes,Factor_Teammate_miss_streak,Starters_PPG_last_5,Bench_PPG_last_5,forward1_def_rating,forward2_def_rating,guard1_def_rating,guard2_def_rating,center_def_rating,guard_off_avg,forward_center_off_avg
21900054,23,24.4,25.37878787878788,108.1,21,28.0,31.0,True,0,,,103.2,100.0,93.2,85.2,103.8,103.4,104.25
21900040,20,27.0,25.46153846153846,117.3,29,35.0,32.0,True,0,,,112.7,117.1,116.5,105.9,106.6,110.4,100.85
21900025,32,26.6,25.359375,96.4,8,31.0,32.0,True,0,,,103.6,87.5,90.1,114.8,91.0,91.9,79.55000000000001
21900002,18,27.6,25.476190476190474,105.2,1,36.0,37.0,True,0,,,107.7,114.3,100.0,107.1,120.0,102.1,101.75
21900279,23,28.0,25.516129032258064,114.8,30,25.0,27.0,True,0,26.2,31.8,134.4,111.1,128.6,114.0,132.7,128.65,119.2
21900264,29,28.8,25.459016393442624,114.0,27,38.0,37.0,True,0,28.8,35.4,111.8,98.6,107.9,106.4,106.3,106.19999999999999,101.9
21900249,33,28.0,25.333333333333332,113.6,26,35.0,33.0,True,0,28.0,34.4,119.4,117.6,125.9,112.0,121.7,121.1,118.05
21900232,30,26.6,25.25423728813559,112.0,23,39.0,35.0,True,0,33.4,37.0,98.6,104.2,112.5,119.7,112.7,106.6,107.75
21900220,23,25.8,25.29310344827586,106.1,12,36.0,35.0,True,0,32.2,39.4,131.9,134.8,118.5,142.3,137.3,134.95,143.5
21900201,25,23.4,25.29824561403509,104.8,12,37.0,37.0,True,0,30.8,43.0,123.1,117.7,114.7,117.2,118.4,120.65,112.6
21900188,33,21.8,25.160714285714285,111.8,25,33.0,28.0,True,0,30.0,37.6,128.6,125.4,128.0,115.8,140.0,124.05,127.94999999999999
21900174,29,22.0,25.09090909090909,110.6,22,39.0,35.0,True,0,30.2,41.4,97.4,127.5,98.6,120.0,112.3,102.95,110.25
21900159,23,21.6,25.12962962962963,117.3,30,26.0,0.0,False,0,24.0,39.6,125.4,119.4,127.3,138.5,134.0,129.65,127.5
21900151,19,25.6,25.245283018867923,105.6,14,37.0,38.0,True,1,22.8,34.6,134.3,125.6,130.4,121.5,129.6,128.5,127.05000000000001
21900139,13,28.8,25.48076923076923,102.8,8,35.0,38.0,True,0,25.0,31.0,96.6,98.2,102.4,96.4,97.2,99.5,98.15
21900126,25,29.4,25.49019607843137,100.6,5,36.0,35.0,True,0,25.2,36.2,101.3,98.7,90.0,102.2,119.2,105.0,122.0
21900100,30,30.8,25.4,108.7,18,35.0,31.0,True,0,23.8,31.4,123.1,110.2,123.3,116.9,126.9,99.55,104.2
21900088,21,31.0,25.489795918367346,105.6,15,37.0,36.0,True,0,27.6,28.0,112.2,109.0,112.3,100.0,103.2,109.65,104.15
21900074,39,30.0,25.208333333333332,108.1,21,43.0,43.0,True,0,,,112.8,113.6,112.5,117.0,101.8,115.15,114.69999999999999
21901232,16,22.8,24.857142857142858,106.5,5,34.0,35.0,True,0,26.6,32.6,85.5,85.0,97.4,82.4,100.0,88.5,85.4
21900968,29,27.4,25.127659574468087,108.3,8,35.0,37.0,True,0,26.0,34.6,119.6,114.0,102.6,121.0,125.0,118.1,106.25
21900948,28,26.2,25.065217391304348,106.6,5,35.0,34.0,True,0,24.0,37.2,122.8,111.5,112.3,110.9,113.8,112.55000000000001,118.65
21900939,37,24.6,24.8,101.0,1,37.0,29.0,True,0,23.4,39.2,92.0,108.3,103.0,87.9,87.5,103.4,98.25
21900915,22,25.6,24.863636363636363,107.2,6,34.0,39.0,True,0,22.6,39.2,124.3,129.2,125.5,137.8,122.4,134.10000000000002,126.89999999999999
21900900,34,23.0,24.651162790697676,111.8,21,36.0,0.0,False,0,16.4,38.8,106.9,107.9,116.5,109.9,112.7,103.35,112.55
21900891,19,30.0,24.821428571428573,110.7,18,34.0,25.0,True,1,17.2,43.8,84.1,93.4,92.6,93.6,81.4,106.1,94.94999999999999
21900861,40,26.4,24.25925925925926,111.9,23,34.0,36.0,True,0,20.4,44.4,100.0,103.8,94.3,108.1,92.9,96.95,102.2
21900842,29,24.2,24.076923076923077,105.9,3,35.0,39.0,True,0,25.2,41.2,113.3,108.9,110.8,107.8,115.2,108.85,109.55
21900833,32,25.0,23.76,110.5,16,36.0,31.0,True,0,26.8,43.2,107.8,120.0,113.8,103.4,112.5,114.9,111.25
21900817,32,21.6,23.416666666666668,108.0,11,42.0,42.0,True,0,30.4,47.2,110.3,106.5,107.8,110.0,113.2,103.4,108.4
21900801,17,20.8,23.695652173913043,110.9,20,30.0,31.0,True,0,30.4,42.6,130.8,113.3,125.0,120.0,122.5,120.94999999999999,125.4
21900783,22,20.6,23.772727272727273,112.5,25,34.0,35.0,True,0,25.6,38.4,116.9,117.5,115.4,117.0,113.8,121.6,111.7
21900597,31,27.0,24.970588235294116,114.4,29,33.0,0.0,False,2,32.8,38.4,127.4,122.4,138.0,114.5,123.5,123.5,119.44999999999999
21900572,35,23.8,24.666666666666668,109.2,17,32.0,0.0,False,4,28.8,38.0,123.9,120.3,126.9,123.6,127.3,128.3,130.6
21900553,31,25.6,24.46875,112.0,25,31.0,28.0,True,5,26.0,42.0,105.8,106.8,115.4,107.7,95.6,98.2,92.69999999999999
21900538,21,27.2,24.580645161290324,111.6,21,35.0,38.0,True,0,23.8,43.8,104.1,100.0,118.2,138.5,100.0,106.85,97.45
21900522,17,30.2,24.833333333333332,112.3,26,37.0,38.0,True,0,24.8,40.2,120.3,136.5,127.5,133.9,108.6,133.95,140.85
21900507,31,30.4,24.620689655172413,111.1,20,38.0,38.0,True,0,24.6,44.8,126.0,172.4,122.8,128.6,125.6,132.60000000000002,137.8
21900490,13,23.4,24.5,107.7,15,34.0,36.0,True,0,24.2,39.2,115.2,112.9,91.7,116.4,108.5,107.4,108.6
21900484,21,24.8,24.705882352941178,111.2,21,37.0,36.0,True,0,27.8,28.6,121.4,116.7,123.8,134.2,121.1,97.75,109.4
21900458,23,25.2,24.8125,104.3,4,39.0,39.0,True,0,32.0,23.6,103.8,115.4,111.8,85.9,115.6,101.05,103.0
21900417,21,27.4,25.066666666666666,102.3,1,37.0,43.0,True,0,28.8,29.4,103.1,88.5,106.1,111.9,109.0,119.05000000000001,117.5
21900402,20,29.6,25.428571428571427,103.8,7,35.0,0.0,False,0,27.2,27.8,94.2,107.9,106.3,100.0,111.9,102.05,90.7
21900390,32,27.2,24.923076923076923,113.7,27,37.0,35.0,True,1,28.0,33.6,92.9,100.0,90.4,92.2,87.2,89.55,85.30000000000001
21900374,28,26.6,24.666666666666668,104.9,9,37.0,38.0,True,0,24.0,38.2,115.4,113.5,115.6,113.3,141.9,123.0,132.15
21900768,18,21.6,24.047619047619047,109.5,15,37.0,40.0,True,0,24.8,44.0,104.7,119.4,100.0,117.3,105.9,114.05,118.25
21900754,36,18.6,23.45,111.8,22,34.0,29.0,True,0,22.0,42.0,120.3,120.0,119.2,122.4,120.0,123.15,124.15
21900736,15,19.6,23.894736842105264,110.7,19,34.0,30.0,True,0,21.6,40.4,138.1,135.6,131.0,130.5,152.8,140.75,134.8
21900726,22,24.6,24.926829268292682,112.7,26,38.0,39.0,True,0,28.6,40.0,105.8,93.1,116.7,102.3,111.1,112.9,113.35
21900684,29,22.6,24.825,105.0,3,35.0,39.0,True,0,32.6,49.6,93.6,88.6,89.8,80.4,90.8,81.15,84.85
21900667,27,23.4,24.76923076923077,107.9,13,34.0,27.0,True,0,34.0,50.6,117.2,106.9,132.0,116.4,125.0,119.0,114.0
21900659,21,26.2,24.86842105263158,112.2,25,36.0,30.0,True,0,40.6,52.6,108.6,117.9,111.5,120.0,124.2,120.80000000000001,123.05000000000001
21900648,15,29.4,25.135135135135137,105.6,5,29.0,23.0,True,0,39.8,53.0,105.8,88.5,100.0,106.3,102.6,104.8,102.6
21900633,31,27.4,24.97222222222222,109.3,17,35.0,0.0,False,0,32.8,53.6,114.8,107.5,107.4,121.1,114.9,100.65,112.55
21900613,19,27.0,25.142857142857142,105.4,5,36.0,0.0,False,1,34.2,44.4,111.0,105.7,116.4,119.7,115.5,107.95,107.75
21900342,32,23.6,23.9,110.2,20,28.0,39.0,True,0,22.2,41.8,145.2,155.4,146.3,126.9,156.6,157.35,149.5
21900329,31,23.2,23.11111111111111,111.9,22,34.0,32.0,True,0,20.6,39.0,150.0,124.4,119.6,126.6,132.4,130.9,136.45
21900314,20,25.4,23.5,105.0,10,29.0,26.0,True,0,20.6,36.4,128.2,120.8,136.2,117.0,120.0,134.89999999999998,133.8
21900304,25,24.2,23.285714285714285,102.1,1,37.0,37.0,True,0,23.0,34.4,101.3,100.0,98.7,100.0,98.6,99.25,96.4
21900287,25,23.6,23.0,108.4,15,36.0,36.0,True,0,27.0,35.6,96.7,90.7,98.6,104.7,104.4,90.55,97.7
21900358,25,26.6,24.636363636363637,104.6,9,38.0,37.0,True,0,21.6,39.2,94.4,101.5,102.9,89.1,93.6,91.1,89.7
21901310,17,24.2,24.2,111.4,19,15.0,0.0,False,0,20.8,40.8,97.1,109.4,91.5,120.9,103.2,111.7,96.55
22001061,24,22.6,25.046511627906977,111.9,13,28.0,36.0,True,0,36.6,48.6,141.3,134.6,118.3,119.2,109.5,127.6,126.85
22000974,19,22.4,25.19047619047619,111.7,14,28.0,33.0,True,0,36.4,53.4,113.8,93.9,116.5,97.8,112.3,105.95,112.95
22000640,10,28.0,25.5609756097561,111.5,16,11.0,0.0,False,16,38.2,51.8,92.4,60.5,88.4,85.0,86.7,77.65,74.5
22000630,37,24.8,25.275,111.7,18,37.0,0.0,False,17,38.8,55.0,112.9,113.0,118.8,120.5,137.5,105.9,111.5
22000374,28,27.2,23.77777777777778,111.2,18,43.0,0.0,False,1,28.8,36.2,97.8,105.0,97.7,97.6,108.3,98.15,98.45
22000361,33,24.2,22.625,111.9,21,46.0,45.0,True,2,28.0,32.4,114.6,113.7,112.1,122.2,123.2,122.25,114.1
22000341,27,23.2,22.0,111.2,19,35.0,33.0,True,0,25.8,30.2,112.7,118.6,117.8,113.7,112.9,116.75,117.6
22000313,21,23.4,22.166666666666668,108.6,9,38.0,36.0,True,0,22.8,30.4,104.3,113.3,111.7,115.6,116.7,120.5,105.55000000000001
22000302,21,30.6,25.34285714285714,108.9,11,37.0,36.0,True,0,26.2,29.6,101.3,97.3,105.4,109.4,98.6,104.44999999999999,103.5
22000284,22,30.0,25.441176470588236,111.0,23,36.0,0.0,False,0,25.4,31.8,95.7,92.5,94.4,98.0,105.8,99.9,109.15
22000276,34,27.4,25.181818181818183,107.4,5,39.0,35.0,True,1,26.6,35.6,114.9,111.0,122.8,117.7,110.4,117.55000000000001,108.35
22000261,46,23.4,24.53125,108.3,6,38.0,36.0,True,0,27.6,41.0,104.4,102.0,120.3,114.3,118.5,112.25,98.15
22000245,17,25.2,24.774193548387096,112.4,27,29.0,28.0,True,0,31.4,42.2,105.1,100.0,103.8,105.6,85.4,103.85,103.8
22000226,34,22.0,24.466666666666665,108.4,11,38.0,38.0,True,0,29.6,46.8,111.4,109.3,116.3,110.0,115.9,112.94999999999999,108.55
22000212,19,23.8,24.655172413793103,110.2,19,38.0,37.0,True,0,32.4,46.4,115.5,104.4,102.5,108.8,140.0,105.05000000000001,114.15
22000187,21,25.0,24.785714285714285,108.6,10,31.0,33.0,True,0,30.4,45.4,129.4,122.4,109.8,119.5,134.9,138.05,127.15
22000170,26,25.0,24.74074074074074,110.2,18,27.0,25.0,True,0,28.8,38.4,147.9,132.0,130.9,134.9,122.4,137.60000000000002,127.15
22000161,26,24.2,24.692307692307693,111.1,22,29.0,29.0,True,0,28.0,38.6,138.8,150.0,126.2,131.7,138.9,141.45,131.1
22000146,18,25.8,24.96,110.9,21,30.0,30.0,True,0,29.0,32.4,113.6,120.5,103.5,125.0,121.7,116.05,118.39999999999999
22000131,28,24.0,24.833333333333332,114.8,27,34.0,0.0,False,0,26.6,32.0,123.1,112.7,120.8,129.0,118.4,120.30000000000001,136.0
22000615,25,24.2,25.28205128205128,113.9,26,31.0,0.0,False,18,37.8,48.4,120.0,123.7,134.9,134.9,132.1,134.8,122.6
22000608,22,26.6,25.36842105263158,109.6,7,30.0,0.0,False,19,37.4,41.6,112.1,110.0,112.1,132.3,108.0,112.75,116.15
22000585,18,32.2,25.56756756756757,110.7,13,34.0,0.0,False,20,39.2,41.0,95.9,90.5,98.6,91.5,96.6,88.4,93.95
22000542,38,28.0,25.22222222222222,108.6,6,38.0,0.0,False,22,41.4,40.6,115.9,106.9,117.9,104.2,114.3,109.15,104.35
22000527,19,25.8,25.05263157894737,108.5,5,24.0,0.0,False,23,39.8,35.8,122.2,138.7,122.0,122.0,192.3,119.45,124.55
22000512,28,26.2,24.88888888888889,115.8,28,36.0,0.0,False,24,41.8,35.4,97.5,97.0,109.5,98.5,102.9,111.6,89.75
22000497,19,26.8,25.235294117647058,106.8,2,28.0,0.0,False,25,39.2,37.6,88.5,90.4,89.8,103.8,103.8,104.15,101.69999999999999
22000479,31,26.2,24.875,113.8,26,43.0,0.0,False,26,33.0,35.6,112.5,94.7,111.6,108.3,117.6,101.2,103.2
22000463,19,27.4,25.266666666666666,109.7,8,37.0,0.0,False,27,32.2,39.2,97.0,95.2,96.3,93.7,101.4,101.65,100.95
22000446,32,26.6,24.785714285714285,114.2,25,33.0,0.0,False,28,32.2,44.2,96.6,123.7,102.7,104.5,110.4,105.45,100.3
22000431,30,27.2,24.384615384615383,112.9,23,38.0,0.0,False,29,28.6,45.8,105.8,108.6,105.7,108.6,104.7,106.2,108.30000000000001
22000416,22,28.2,24.583333333333332,110.9,16,31.0,14.0,False,30,31.2,44.4,115.0,127.3,93.0,114.5,109.7,100.4,117.25
22000403,28,26.8,24.272727272727273,110.5,12,34.0,35.0,True,31,34.8,42.6,106.0,116.7,113.7,110.8,104.5,116.25,102.8
22000390,25,27.0,24.2,110.9,17,41.0,0.0,False,0,28.2,41.0,107.9,103.6,102.4,98.7,92.9,96.1,106.75
22000121,27,24.2,24.73913043478261,111.1,19,35.0,34.0,True,1,30.4,29.4,109.1,111.3,104.5,128.1,116.2,100.0,100.30000000000001
22000103,26,22.8,24.681818181818183,109.3,15,34.0,34.0,True,0,36.8,36.6,104.6,101.6,107.1,100.0,101.9,99.75,100.55
22000087,22,24.6,24.80952380952381,111.3,20,32.0,32.0,True,0,36.6,40.6,121.0,114.0,113.8,111.5,119.2,111.65,109.9
22000075,26,23.2,24.75,108.3,15,36.0,35.0,True,0,36.0,45.2,109.0,111.1,100.0,117.0,100.0,117.15,106.05
22000060,26,21.4,21.4,108.7,14,35.0,32.0,True,0,,,126.7,111.5,105.3,114.3,116.0,122.5,133.3
22001072,25,23.0,25.022727272727273,113.3,23,27.0,30.0,True,0,35.4,41.4,112.0,117.5,103.9,123.9,119.4,119.75,111.4
22100093,15,27.4,30.545454545454547,105.0,14,35.0,33.0,True,0,,,92.1,86.8,85.9,92.5,82.6,86.25,78.2
22100077,26,28.2,30.62962962962963,105.5,14,38.0,31.0,True,0,,,112.7,130.0,120.3,123.0,125.8,111.05,118.7
22100040,19,32.2,30.849056603773583,117.1,29,40.0,34.0,True,0,,,101.5,108.1,109.6,107.9,107.1,104.0,95.44999999999999
22100025,25,29.2,30.96153846153846,107.0,14,37.0,38.0,True,0,,,98.7,113.9,100.0,116.1,104.3,98.55,107.4
22100002,34,27.0,30.901960784313726,101.8,1,37.0,39.0,True,0,,,101.4,100.0,105.8,93.2,87.8,102.6,105.5
22100304,33,26.4,30.86,109.2,21,37.0,38.0,True,0,31.0,42.2,108.3,100.0,100.0,103.2,108.6,105.85,111.3
22100291,30,28.2,30.877551020408163,110.7,27,50.0,49.0,True,0,30.2,39.0,88.2,94.5,102.8,106.3,111.4,95.0,85.9
22100268,39,28.0,30.708333333333332,106.6,13,43.0,0.0,False,0,29.2,37.4,105.3,97.3,103.1,98.3,109.2,103.4,94.0
22100249,10,33.6,31.148936170212767,109.8,22,21.0,40.0,True,0,29.2,37.2,109.9,101.3,118.1,107.1,112.2,121.3,107.5
22100232,23,36.2,31.32608695652174,105.1,11,32.0,37.0,True,0,29.4,37.8,115.9,116.4,111.9,123.1,122.7,104.1,111.2
22100107,30,34.0,31.355555555555554,105.9,12,36.0,32.0,True,0,25.8,38.4,98.8,120.8,117.0,111.9,124.6,104.55,117.55
22101119,39,32.2,31.181818181818183,111.5,17,42.0,0.0,False,2,44.6,40.2,118.0,137.1,125.0,109.6,112.9,99.2,117.75
22101072,38,30.8,31.023255813953487,107.8,5,41.0,0.0,False,4,43.4,38.8,126.9,126.4,126.8,125.0,130.5,127.9,107.69999999999999
22101061,38,33.2,30.857142857142858,113.2,24,36.0,0.0,False,5,40.4,40.0,119.4,129.1,126.5,151.3,121.2,126.9,125.65
22101051,36,30.6,30.73170731707317,110.3,15,45.0,0.0,False,6,43.8,39.6,123.3,120.2,127.0,128.0,137.5,125.6,133.89999999999998
22101039,19,38.0,31.025,109.7,10,37.0,0.0,False,7,45.6,34.4,91.3,94.5,96.8,103.3,92.7,103.94999999999999,88.25
22101028,30,37.2,31.05128205128205,110.0,12,40.0,0.0,False,8,48.2,34.2,90.6,88.0,94.3,103.7,95.7,93.25,75.1
22101019,31,36.2,31.05263157894737,105.8,2,30.0,0.0,False,9,49.0,33.0,101.5,93.8,104.2,83.9,93.4,107.45,78.1
22101004,50,32.8,30.54054054054054,112.6,24,36.0,0.0,False,10,45.4,34.8,131.7,127.6,136.2,120.4,134.5,130.75,134.0
22100985,23,34.8,30.75,116.1,30,45.0,0.0,False,11,39.0,36.0,107.7,105.8,108.2,107.3,110.0,112.30000000000001,107.0
22100959,56,29.4,30.02857142857143,105.5,2,39.0,0.0,False,13,36.6,36.0,130.4,136.5,129.9,104.3,107.4,122.1,121.10000000000001
22100945,26,30.2,30.147058823529413,108.1,7,37.0,0.0,False,14,34.8,35.4,106.8,102.5,93.0,115.1,98.0,110.3,123.44999999999999
22100931,26,30.0,30.272727272727273,107.4,5,38.0,0.0,False,15,30.2,36.0,116.5,117.8,109.3,105.9,100.0,109.7,112.2
22100919,32,27.4,30.19047619047619,111.2,19,36.0,0.0,False,16,32.2,34.8,75.3,77.5,90.4,82.6,88.5,72.05000000000001,77.2
22100904,21,29.0,30.65,108.3,7,36.0,0.0,False,17,32.8,31.0,95.2,92.5,88.5,104.1,72.5,100.0,89.45
22100685,29,29.8,30.133333333333333,112.1,26,34.0,0.0,False,1,31.0,46.4,110.6,113.3,103.8,127.6,131.5,103.35,121.5
22100680,30,30.2,30.137931034482758,111.0,22,37.0,0.0,False,2,38.6,44.4,88.9,111.1,110.9,108.0,104.3,96.0,90.0
22100665,25,31.4,30.321428571428573,108.5,11,37.0,0.0,False,3,42.2,43.8,94.2,97.0,100.0,105.3,113.5,86.5,89.55000000000001
22100649,25,31.6,30.51851851851852,108.5,12,31.0,0.0,False,4,45.8,42.4,88.5,121.3,121.7,127.9,119.6,122.4,112.4
22100626,34,31.2,30.384615384615383,113.1,27,39.0,0.0,False,5,47.8,43.2,115.6,112.7,120.8,116.5,115.2,109.8,104.85
22100606,35,28.4,30.2,108.2,12,33.0,0.0,False,6,52.2,34.4,108.2,112.1,104.5,98.2,93.8,101.2,106.95
22100589,32,28.6,30.125,113.1,26,37.0,0.0,False,7,54.2,32.0,120.8,105.8,122.0,139.1,128.0,129.4,111.75
22100566,31,27.6,30.08695652173913,113.1,27,36.0,0.0,False,8,50.6,32.6,113.6,112.0,121.9,120.8,128.8,111.8,112.1
22100551,26,28.4,30.272727272727273,108.1,10,39.0,0.0,False,9,50.0,31.6,96.3,105.8,122.1,105.9,111.8,103.15,107.5
22100538,43,35.6,30.357142857142858,114.3,30,29.0,0.0,False,10,46.2,27.4,165.5,146.4,135.8,127.9,134.5,137.95,157.4
22100520,37,34.4,29.846153846153847,108.9,14,38.0,0.0,False,11,47.0,30.0,113.4,105.2,102.8,117.1,111.1,107.45,134.75
22100884,33,31.0,30.526315789473685,109.0,10,40.0,17.0,True,18,31.6,34.0,117.2,120.6,113.7,121.4,123.6,121.1,113.9
22100854,26,33.2,30.77777777777778,104.1,1,38.0,35.0,True,0,33.2,32.6,110.1,114.5,105.2,100.0,104.8,120.05000000000001,114.19999999999999
22100829,30,33.6,30.823529411764707,114.0,28,37.0,41.0,True,0,36.6,35.0,110.2,97.1,109.0,105.4,103.0,102.85,104.4
22100822,27,36.0,31.0625,108.6,10,35.0,37.0,True,0,34.0,39.0,108.0,117.6,111.5,116.7,115.3,107.25,107.1
22100799,29,37.4,31.2,109.4,12,40.0,41.0,True,0,31.8,43.4,108.8,113.3,109.9,117.0,104.8,107.35,111.65
22100718,33,28.4,30.1875,109.7,17,34.0,25.0,True,0,34.0,42.4,100.0,112.3,125.0,106.3,115.0,112.65,115.2
22100700,33,28.6,30.096774193548388,107.7,8,40.0,0.0,False,0,33.8,44.2,114.8,100.0,111.4,103.0,95.7,114.4,76.2
22100511,32,31.6,29.666666666666668,113.7,29,39.0,0.0,False,12,39.2,30.8,119.7,137.8,132.5,126.4,130.9,126.95,127.35
22100491,39,28.6,28.818181818181817,106.3,5,40.0,0.0,False,13,40.2,27.2,109.0,100.0,115.9,106.5,104.6,95.9,94.55
22100487,36,27.4,28.1,109.2,17,35.0,0.0,False,14,39.2,28.6,108.3,102.0,111.4,104.6,117.8,108.19999999999999,111.0
22100469,34,27.2,27.444444444444443,102.9,2,34.0,0.0,False,15,41.8,31.4,76.0,94.6,87.1,93.5,86.4,83.35,64.15
22100448,31,25.0,27.0,106.8,7,39.0,0.0,False,16,38.0,30.0,103.9,103.9,97.6,106.2,105.3,107.4,104.69999999999999
22100436,18,27.4,28.285714285714285,106.9,9,36.0,20.0,True,17,39.6,29.4,71.4,76.8,72.5,95.5,74.6,82.94999999999999,80.35
22100420,24,27.2,29.0,108.2,13,43.0,39.0,True,0,37.0,32.4,107.6,109.3,108.2,107.3,125.0,101.25,110.75
22100403,30,28.8,28.8,112.9,29,37.0,0.0,False,0,34.0,30.8,109.8,110.3,106.8,103.0,140.7,110.15,115.85
22200095,26,25.8,28.962962962962962,115.7,24,35.0,37.0,True,0,29.6,27.6,104.8,101.7,114.5,109.2,118.9,111.15,120.55000000000001
22200076,28,26.4,28.9811320754717,107.4,5,37.0,0.0,False,0,,,92.9,80.3,96.6,88.1,92.8,88.95,82.15
22200064,19,26.8,29.173076923076923,116.1,23,35.0,36.0,True,1,,,91.3,91.8,91.5,94.5,87.8,91.05,91.6
22200037,31,28.4,29.137254901960784,104.2,5,38.0,36.0,True,0,,,105.2,105.3,97.3,102.7,101.6,100.8,104.9
22200016,20,28.6,29.32,91.5,1,37.0,32.0,True,0,,,84.0,88.5,88.2,107.8,87.2,88.15,91.75
22200002,31,28.4,29.285714285714285,97.3,1,35.0,36.0,True,0,,,100.0,91.7,100.0,93.5,86.5,99.55000000000001,97.30000000000001
22200324,31,27.6,29.25,113.6,23,33.0,29.0,True,0,31.8,35.4,130.1,123.1,126.9,129.3,133.8,125.19999999999999,127.8
22200308,21,26.8,29.425531914893618,111.7,13,36.0,37.0,True,0,35.0,33.8,113.2,101.9,118.4,134.7,120.0,106.0,115.15
22200288,39,23.0,29.217391304347824,118.0,30,35.0,0.0,False,0,32.6,31.4,137.0,140.0,123.8,127.2,110.0,134.95,129.15
22200282,21,22.4,29.4,117.3,30,33.0,35.0,True,1,31.4,35.2,110.3,106.5,107.8,102.9,118.9,112.6,103.6
22200170,30,21.4,29.386363636363637,107.1,4,32.0,35.0,True,0,31.0,40.4,98.7,106.1,98.0,91.8,105.4,102.15,103.6
22200140,27,19.8,29.441860465116278,102.9,2,34.0,33.0,True,0,33.2,39.0,98.5,104.6,94.1,106.3,98.3,94.6,107.94999999999999
22200131,17,22.0,29.738095238095237,109.6,11,34.0,35.0,True,0,32.4,34.6,132.3,123.3,130.6,120.7,123.5,127.30000000000001,117.94999999999999
22200117,20,26.2,29.975609756097562,109.9,12,40.0,37.0,True,0,30.4,31.0,104.8,111.3,98.9,109.8,113.0,97.65,102.1
22201157,18,26.6,30.275,113.2,11,32.0,37.0,True,0,36.4,35.0,114.5,112.0,115.3,114.9,107.6,116.75,119.6
22201140,25,30.8,30.41025641025641,112.0,6,31.0,39.0,True,0,33.8,41.8,135.1,134.2,145.2,160.4,140.0,156.60000000000002,134.35000000000002
22201114,19,34.4,30.710526315789473,111.7,5,30.0,36.0,True,0,31.6,42.2,113.7,120.0,115.1,118.6,120.7,116.44999999999999,108.73333333333335
22200913,26,25.0,29.25,115.1,22,37.0,37.0,True,0,29.0,44.8,114.5,115.5,117.9,110.4,117.9,116.8,117.5
22200893,13,31.8,29.956521739130434,114.2,20,26.0,26.0,True,0,30.8,38.0,117.5,116.7,126.6,120.7,114.5,104.9,122.1
22200882,21,33.0,30.363636363636363,112.3,9,29.0,30.0,True,0,27.2,40.2,118.3,125.6,130.0,116.1,119.0,119.5,119.5
22200821,38,31.0,30.0,112.7,12,34.0,31.0,True,0,25.0,41.0,106.7,123.9,116.7,111.3,110.3,111.80000000000001,102.35
22200798,27,33.2,30.15,112.1,8,40.0,38.0,True,0,27.0,39.8,131.9,105.0,116.9,124.1,126.9,117.5,125.95
22200778,26,34.8,30.36842105263158,114.7,23,33.0,35.0,True,0,35.6,37.0,102.4,101.3,106.3,101.4,98.6,112.05000000000001,102.6
22200765,28,33.4,30.783783783783782,113.6,17,43.0,37.0,True,0,37.2,40.4,118.2,120.0,123.9,119.5,125.9,123.85000000000001,117.3
22200749,41,31.6,30.5,110.9,5,44.0,34.0,True,1,37.8,42.8,113.7,108.8,120.5,117.6,123.4,116.2,110.1
22200729,20,37.2,30.8,119.6,30,35.0,26.0,True,0,40.2,44.4,109.3,103.3,116.9,98.4,116.7,108.1,104.2
22200719,46,35.0,30.352941176470587,112.2,10,33.0,0.0,False,0,41.2,45.0,105.0,113.9,121.6,119.2,121.1,119.1,120.75
22200705,37,32.4,30.151515151515152,114.1,21,36.0,0.0,False,1,33.2,54.4,118.3,128.6,131.3,116.0,134.3,135.95,133.2
22200590,25,28.2,29.653846153846153,113.1,17,33.0,0.0,False,9,42.6,39.4,116.3,114.0,122.5,108.8,131.3,118.5,111.69999999999999
22200551,43,25.0,29.12,114.7,26,40.0,0.0,False,11,41.0,44.6,122.8,109.8,119.0,116.3,120.3,115.85,109.5
22200530,47,31.6,29.444444444444443,112.9,16,40.0,0.0,False,12,45.2,41.6,108.8,108.0,121.2,118.5,120.2,114.1,108.6
22200518,27,32.8,29.58823529411765,110.9,8,33.0,0.0,False,13,51.0,38.8,107.4,96.7,94.2,93.3,102.7,96.1,94.44999999999999
22200505,28,33.2,29.6875,114.2,25,31.0,0.0,False,14,46.2,40.6,131.3,114.9,128.8,122.4,120.0,119.3,117.5
22200494,38,32.2,29.133333333333333,112.6,16,34.0,0.0,False,15,42.8,38.2,118.7,134.8,120.0,121.3,124.0,132.1,117.0
22200492,34,32.4,28.785714285714285,114.9,27,34.0,0.0,False,16,39.8,33.0,108.5,133.3,123.5,121.4,117.6,112.35,129.95
22200475,31,30.8,28.615384615384617,112.9,19,34.0,0.0,False,17,32.0,36.6,105.3,118.7,110.0,118.6,111.3,109.75,109.3
22200451,33,28.4,28.25,113.6,22,37.0,0.0,False,19,25.4,42.0,114.0,108.3,114.7,123.4,109.9,122.65,106.8
22200437,30,28.2,28.09090909090909,115.1,28,36.0,17.0,True,20,24.8,34.6,125.0,118.1,123.1,108.8,117.9,112.75,100.1
22200413,33,27.2,27.6,111.1,9,43.0,46.0,True,0,27.8,34.2,105.4,93.4,98.9,96.3,93.8,91.25,93.9
22200396,35,27.4,26.77777777777778,116.8,29,37.0,36.0,True,0,28.8,36.2,109.5,113.5,107.4,113.2,104.1,116.4,120.25
22200382,23,26.0,27.25,109.5,4,44.0,36.0,True,0,27.2,38.0,107.9,124.2,106.9,108.6,105.2,109.1,111.35
22200690,23,35.2,30.375,109.2,1,37.0,0.0,False,2,36.8,50.8,120.0,120.9,109.0,109.2,101.7,112.75,109.9
22200677,32,33.8,30.322580645161292,114.6,24,37.0,0.0,False,3,42.6,50.2,108.8,112.3,107.7,89.1,96.8,110.6,106.1
22200664,48,32.8,29.733333333333334,117.3,28,36.0,0.0,False,4,46.4,43.6,143.3,139.7,146.3,141.4,138.8,134.60000000000002,123.85
22200655,35,31.0,29.551724137931036,110.5,4,35.0,0.0,False,5,48.2,43.0,106.5,131.3,120.8,106.8,116.7,116.19999999999999,102.4
22200630,24,28.8,29.75,113.4,22,47.0,0.0,False,6,48.8,38.4,93.8,100.0,93.5,93.2,91.6,93.2,94.9
22200595,37,25.6,29.48148148148148,114.6,25,38.0,0.0,False,8,46.0,41.6,135.4,131.7,126.5,136.3,124.0,136.4,119.5
22200360,21,28.4,28.142857142857142,106.6,1,36.0,8.0,False,1,32.6,37.4,91.9,94.3,97.5,94.9,97.5,96.25,83.55
22200349,29,30.0,28.0,112.8,22,34.0,38.0,True,2,35.0,37.6,118.7,115.5,111.1,124.3,123.1,115.95,123.5
22200331,28,28.0,28.0,107.7,2,37.0,40.0,True,0,34.8,35.6,128.6,129.8,132.5,124.2,139.1,127.05000000000001,128.75
22300111,19,23.0,25.757142857142856,99.7,1,33.0,38.0,True,0,,,106.6,111.5,107.2,96.4,100.0,101.1,103.44999999999999
22300100,27,21.2,25.73913043478261,112.4,18,39.0,42.0,True,0,,,117.9,105.6,106.4,108.3,100.0,103.2,106.75
22300076,21,21.4,25.808823529411764,99.0,4,35.0,39.0,True,0,,,84.7,92.5,100.0,115.4,103.4,96.35,97.15
22300061,21,22.4,25.880597014925375,111.5,3,29.0,34.0,True,0,,,116.4,106.3,109.1,117.6,106.5,110.9,105.9
22300271,21,21.6,25.954545454545453,109.1,5,35.0,36.0,True,0,33.4,38.4,119.0,107.7,106.4,121.7,104.8,115.95,104.95
22300258,25,24.0,25.96923076923077,117.2,23,29.0,29.0,True,0,26.2,37.8,130.8,143.5,139.6,131.0,134.2,125.0,137.3
22300255,18,27.4,26.09375,111.6,10,30.0,32.0,True,0,26.8,36.6,100.0,112.2,107.0,115.1,112.9,116.4,105.19999999999999
22300242,22,28.6,26.158730158730158,113.1,15,36.0,38.0,True,0,31.2,33.4,107.5,114.3,110.3,122.6,107.1,112.19999999999999,107.9
22300238,26,26.6,26.161290322580644,117.3,24,36.0,36.0,True,0,32.4,39.0,114.3,118.4,118.2,81.1,117.9,100.75,110.8
22300042,17,29.6,26.311475409836067,119.2,26,24.0,29.0,True,0,36.2,32.0,104.0,112.8,132.1,127.7,135.2,134.55,113.80000000000001
22300216,37,25.8,26.133333333333333,107.8,4,40.0,33.0,True,0,40.8,34.4,108.2,112.5,107.3,100.0,90.3,95.1,103.9
22300036,35,24.8,25.983050847457626,110.8,9,35.0,35.0,True,0,43.4,34.2,117.3,106.6,108.8,115.4,111.3,113.80000000000001,103.55
22300198,28,24.0,25.948275862068964,111.9,13,35.0,35.0,True,0,39.8,33.0,100.0,97.2,100.0,94.0,95.4,96.3,105.44999999999999
22300026,16,27.8,26.12280701754386,113.7,21,23.0,27.0,True,0,41.4,25.2,159.3,139.1,152.9,144.2,159.6,146.85,146.1
22300015,32,29.4,26.017857142857142,110.6,12,36.0,36.0,True,0,41.4,23.0,117.3,116.1,120.6,121.2,114.9,122.35,120.95
22300163,18,29.0,26.163636363636364,108.3,9,27.0,0.0,False,0,42.6,20.6,85.5,92.5,90.0,88.9,100.0,93.65,91.1
22300150,30,27.6,26.09259259259259,110.5,14,37.0,25.0,True,1,38.4,21.0,109.6,106.4,123.6,109.1,106.5,114.9,110.94999999999999
22300134,24,28.0,26.132075471698112,103.5,2,35.0,32.0,True,0,40.4,23.0,101.4,114.9,95.2,98.2,98.1,108.25,105.65
22300127,35,25.0,25.96153846153846,105.8,10,42.0,48.0,True,0,,,117.4,106.3,118.3,108.5,123.3,117.4,119.05000000000001
22301078,40,22.0,25.686274509803923,115.4,19,37.0,35.0,True,0,55.2,24.4,129.6,126.8,113.0,116.4,121.4,113.55,116.8
22301063,16,26.8,25.88,117.8,25,35.0,38.0,True,0,57.6,26.6,95.0,85.9,81.2,88.5,81.7,89.25,93.65
22301055,23,25.8,25.93877551020408,113.8,11,35.0,0.0,False,0,52.0,23.0,124.2,137.1,125.0,142.9,134.6,134.75,134.8
22301032,26,26.4,25.9375,117.9,25,38.0,40.0,True,0,49.4,20.8,137.7,132.2,139.5,143.5,137.1,137.35000000000002,138.2
22301018,20,28.6,26.06382978723404,113.7,12,38.0,40.0,True,0,52.4,21.2,102.4,100.0,100.0,106.2,100.0,101.15,101.25
22300990,25,27.4,26.08695652173913,118.7,28,29.0,31.0,True,0,51.0,19.4,143.7,134.7,138.2,126.8,134.1,146.5,145.4
22300973,40,24.6,25.77777777777778,115.4,16,38.0,12.0,False,0,53.2,16.8,123.8,111.7,106.9,122.1,107.2,115.95,135.65
22300954,18,25.0,25.954545454545453,116.0,20,40.0,41.0,True,1,50.8,18.4,107.3,107.7,100.0,100.0,107.8,110.8,108.9
22300932,29,23.8,25.88372093023256,108.3,1,38.0,39.0,True,0,51.0,17.8,118.5,142.0,122.0,131.7,125.8,124.85,119.85
22300901,31,24.8,25.761904761904763,116.4,20,36.0,34.0,True,0,49.0,17.4,122.1,135.1,113.6,125.0,113.3,113.85,115.85
22300884,19,26.0,25.926829268292682,111.5,5,31.0,30.0,True,0,49.0,15.8,125.5,107.8,122.6,118.0,125.4,121.95,114.5
22300869,26,26.4,25.925,113.0,9,37.0,39.0,True,0,47.4,19.2,131.0,118.8,124.3,116.3,113.2,119.8,115.2
22300669,20,27.2,26.076923076923077,119.6,27,36.0,0.0,False,1,48.2,32.0,109.8,112.7,113.0,111.7,112.3,105.2,105.0
